"plotType","A"
"RP",0.0772404142054074
"FULL",0.959572318005487
