"plotType","A"
"RP",0.0519115600118509
"FULL",0.940639194229721
