"plotType","A"
"RP",0.0744775101143492
"FULL",0.863197355415383
