"plotType","A"
"RP",0.0756477706102393
"FULL",0.940894253438044
